id,first_name,last_name,email,gender,ip_address
1,Blinny,Greenaway,bgreenaway0@google.ca,Female,174.244.26.109
2,Matthieu,Lambshine,mlambshine1@digg.com,Male,24.164.95.184
3,Minna,Udie,mudie2@so-net.ne.jp,Female,111.250.130.140
4,Darice,Hirtz,dhirtz3@ted.com,Female,156.83.184.94
5,Arlyn,Chattoe,achattoe4@theglobeandmail.com,Female,26.113.149.95
6,Itch,Davidman,idavidman5@discovery.com,Male,129.42.79.102
7,Thayne,Jephson,tjephson6@cbsnews.com,Male,63.145.245.242
8,Keene,Ferraro,kferraro7@hostgator.com,Male,47.34.0.100
9,Annice,Conew,aconew8@ovh.net,Female,147.227.74.64
10,Sianna,Dodswell,sdodswell9@liveinternet.ru,Female,164.194.106.206
11,Skipper,Abbotts,sabbottsa@samsung.com,Male,126.27.193.50
12,Mick,Lenham,mlenhamb@mtv.com,Male,178.88.206.80
13,Nikola,Mancer,nmancerc@independent.co.uk,Male,49.33.246.248
14,Lulu,Chiommienti,lchiommientid@dion.ne.jp,Female,91.255.173.59
15,Mauricio,Corness,mcornesse@oracle.com,Male,136.81.242.236
16,Giacomo,Dodman,gdodmanf@usa.gov,Male,119.106.130.65
17,Georgie,Gidden,ggiddeng@skyrock.com,Male,169.7.191.145
18,Isa,Rivel,irivelh@cdc.gov,Female,89.11.239.110
19,Alysia,Bray,abrayi@diigo.com,Female,87.235.11.139
20,Reamonn,Coppins,rcoppinsj@fotki.com,Male,66.6.226.71
21,Bran,Dash,bdashk@friendfeed.com,Male,172.114.241.130
22,Mireielle,Newcombe,mnewcombel@networkadvertising.org,Female,64.220.104.207
23,Den,Linwood,dlinwoodm@smugmug.com,Male,9.237.73.96
24,Bruno,Dimberline,bdimberlinen@github.io,Male,43.164.150.107
25,Constantia,Spedding,cspeddingo@japanpost.jp,Female,184.203.7.158
26,Goddart,Perillio,gperilliop@whitehouse.gov,Male,190.242.96.64
27,Ofella,Goalley,ogoalleyq@jalbum.net,Female,137.65.52.88
28,Cinnamon,Peschka,cpeschkar@tmall.com,Female,156.182.255.80
29,Thatcher,Dei,tdeis@sfgate.com,Male,247.81.34.1
30,Dunn,Ellingworth,dellingwortht@goo.gl,Male,210.137.42.186
31,Chrissie,Kaas,ckaasu@flavors.me,Male,62.123.146.232
32,Ulrikaumeko,Redford,uredfordv@usnews.com,Female,78.88.23.87
33,Mohandis,Plummer,mplummerw@so-net.ne.jp,Male,227.103.127.226
34,Gwendolin,Padbery,gpadberyx@nsw.gov.au,Female,150.30.145.239
35,Alfredo,Colvine,acolviney@cmu.edu,Male,92.66.132.113
36,Hayward,De Michetti,hdemichettiz@bravesites.com,Male,119.241.102.182
37,Hamish,Goatcher,hgoatcher10@ow.ly,Male,246.83.40.246
38,Omero,Truwert,otruwert11@multiply.com,Male,188.69.243.166
39,Marven,Jobson,mjobson12@domainmarket.com,Male,121.189.115.114
40,Loise,Plaster,lplaster13@surveymonkey.com,Female,138.146.10.96
41,Rutherford,Smoth,rsmoth14@google.com.au,Male,14.251.217.211
42,Hali,Measom,hmeasom15@arstechnica.com,Female,192.190.35.187
43,Broderick,Meo,bmeo16@vinaora.com,Male,18.50.75.187
44,Forbes,Carlisle,fcarlisle17@whitehouse.gov,Male,124.115.163.99
45,Clim,Deveral,cdeveral18@bigcartel.com,Male,38.215.227.249
46,Melvin,Dukesbury,mdukesbury19@squidoo.com,Male,38.28.11.174
47,Kingsley,Pentecust,kpentecust1a@geocities.com,Male,246.36.250.193
48,Virgie,Willers,vwillers1b@google.fr,Male,177.209.164.30
49,Parker,Incogna,pincogna1c@berkeley.edu,Male,222.194.220.127
50,Susann,Blissett,sblissett1d@independent.co.uk,Female,126.5.30.163
51,Kitti,Aizlewood,kaizlewood1e@wordpress.org,Female,63.77.138.109
52,Osmund,Legendre,olegendre1f@time.com,Male,56.190.198.132
53,Zak,Cuttle,zcuttle1g@google.it,Male,16.215.28.33
54,Tiebold,Bisterfeld,tbisterfeld1h@walmart.com,Male,207.147.153.92
55,Rochell,McJerrow,rmcjerrow1i@nydailynews.com,Female,106.209.253.150
56,Kassi,Brenston,kbrenston1j@youtube.com,Female,84.187.168.254
57,Agnese,Pinard,apinard1k@mtv.com,Female,122.82.126.83
58,Bernice,Wraggs,bwraggs1l@ucla.edu,Female,51.34.134.165
59,Corinne,MacMaster,cmacmaster1m@imgur.com,Female,107.179.162.117
60,Heinrick,Wrixon,hwrixon1n@nps.gov,Male,128.155.22.107
61,Quincy,Goom,qgoom1o@java.com,Male,107.127.254.9
62,Hal,Rasher,hrasher1p@skype.com,Male,247.51.192.31
63,Costa,Sigg,csigg1q@europa.eu,Male,37.153.96.1
64,Johan,Hebblewhite,jhebblewhite1r@huffingtonpost.com,Male,123.61.133.101
65,Lenard,Parell,lparell1s@webs.com,Male,44.89.252.89
66,Amandie,Urlich,aurlich1t@google.de,Female,238.135.136.189
67,Jaquenetta,Amyes,jamyes1u@tiny.cc,Female,134.94.34.99
68,Talbert,Gogie,tgogie1v@rambler.ru,Male,220.51.196.44
69,Minne,Fieldhouse,mfieldhouse1w@merriam-webster.com,Female,221.225.17.175
70,Roderich,Heggadon,rheggadon1x@blinklist.com,Male,244.74.139.156
71,Kaine,Colbourne,kcolbourne1y@unesco.org,Male,239.114.182.183
72,Kristoffer,Hylden,khylden1z@sohu.com,Male,4.59.14.77
73,Horton,Leber,hleber20@liveinternet.ru,Male,68.99.242.25
74,Silvester,Petriello,spetriello21@sbwire.com,Male,200.56.209.119
75,Cora,Bernardoni,cbernardoni22@moonfruit.com,Female,123.242.145.132
76,Almeda,Andren,aandren23@parallels.com,Female,58.158.144.36
77,Toiboid,Keuneke,tkeuneke24@examiner.com,Male,134.110.107.186
78,Kingsly,Lock,klock25@pen.io,Male,214.16.57.86
79,Hermon,Worsall,hworsall26@craigslist.org,Male,164.221.102.138
80,Perla,Degoe,pdegoe27@hc360.com,Female,204.227.192.128
81,Edie,Gopsell,egopsell28@blogger.com,Female,29.148.4.227
82,Emerson,Donizeau,edonizeau29@tinyurl.com,Male,42.37.240.129
83,Jacqueline,Ledgeway,jledgeway2a@geocities.jp,Female,51.84.92.123
84,Nara,Aviss,naviss2b@toplist.cz,Female,72.232.238.0
85,Roley,Ahmad,rahmad2c@google.it,Male,137.122.86.169
86,Sinclair,Vosse,svosse2d@sakura.ne.jp,Male,170.20.94.72
87,Violette,Buxey,vbuxey2e@fotki.com,Female,182.165.118.232
88,Tarrah,MacKeller,tmackeller2f@booking.com,Female,223.167.252.154
89,Aluino,Greschke,agreschke2g@mail.ru,Male,98.214.236.145
90,Cos,Estcourt,cestcourt2h@jiathis.com,Male,92.107.142.134
91,Der,Dibling,ddibling2i@furl.net,Male,153.112.202.128
92,Valera,Bartholomieu,vbartholomieu2j@yale.edu,Female,68.185.232.14
93,Karmen,Perryn,kperryn2k@elpais.com,Female,214.124.87.90
94,Veradis,Sheircliffe,vsheircliffe2l@nih.gov,Female,80.207.209.82
95,Federico,Sinney,fsinney2m@chronoengine.com,Male,174.161.210.147
96,Agnes,Baelde,abaelde2n@army.mil,Female,121.65.0.234
97,Bridie,Philcott,bphilcott2o@smh.com.au,Female,177.189.255.183
98,Clarence,Rydeard,crydeard2p@hp.com,Male,80.42.171.165
99,Shepherd,Capp,scapp2q@youtu.be,Male,78.147.119.229
100,Griswold,Damsell,gdamsell2r@plala.or.jp,Male,113.56.102.5
